gene_id	log2FC	PValue	FDR	PE_L2H	Critical_L2H	Area_L2H	PeakH_L2H	PeakX_L2H	PE_H2L	Critical_H2L	Area_H2L	PeakH_H2L	PeakX_H2L	direction_best	TE_score_L2H	TE_score_any	fc_thresh	pass_fc	stat_name	score
ENSG00000214688	0.724575250917864	7.86615033505586e-06	0.000812903200431773	0.0246059795586971	0	-0.126011418632789	0.0254083484573503	0.0315789473684211	0.298825102684115	0.37143482197868	0.175712719298246	0.430127041742287	0.305263157894737	H2L	0.126011418632789	0.298825102684115	1.5	TRUE	PE	5.10423775771071
ENSG00000074219	2.31303765875041	0.0025136720404023	0.021349588519899	0	110.523295075347	-0.170476028433152	1.4507451501454e-17	1	0.224023306906104	1.95608208735949	0.187509452510587	0.452813067150635	0.505263157894737	H2L	0.170476028433152	0.224023306906104	1.5	TRUE	PE	2.59969138549423
ENSG00000163898	0.741687439864979	0.00210488194203765	0.0192335989432649	0.00019104021396504	6.22700222581911	-0.11829816999395	0.0090744101633394	0.978947368421053	0.226802942019295	4.28229647511014	0.138053917120387	0.38475499092559	0.410526315789474	H2L	0.11829816999395	0.226802942019295	1.5	TRUE	PE	2.67677225771857
ENSG00000140450	0.747226085852407	0.00298448610986122	0.0241578939827563	0	77.3768318010143	-0.101056790683606	1.4507451501454e-17	1	0.220508166969147	15.9780823794578	0.143952283726558	0.367513611615245	0.4	H2L	0.101056790683606	0.220508166969147	1.5	TRUE	PE	2.52513043802352
ENSG00000132639	-0.654519924683279	7.94106605253259e-05	0.00282352932362857	0.272194096857388	2707.72750172189	0.186148290986086	0.497277676950998	0.452631578947368	0	147.846463581596	-0.157771854204477	1.4507451501454e-17	1	L2H	0.186148290986086	0.272194096857388	1.5	TRUE	PE	4.10012119156562
ENSG00000106034	0.90864082284044	0.00903817552009691	0.0494660278174806	0.0172413793103448	1.34316424070712	-0.114214685420448	0.0172413793103448	0	0.200668640748878	5.50587399638645	0.140776240169389	0.366606170598911	0.452631578947368	H2L	0.114214685420448	0.200668640748878	1.5	TRUE	PE	2.04391922898514
ENSG00000057294	0.77125622652342	0.00449291408125502	0.0318993905731473	0.0722609609322762	5.59522272889426	-0.065666591046582	0.0771324863883848	0.0631578947368421	0.213850415512465	8.47191972684119	0.123081140350877	0.3502722323049	0.389473684210526	H2L	0.065666591046582	0.213850415512465	1.5	TRUE	PE	2.34747188641325
ENSG00000164318	0.745734546781762	0.00228792601173911	0.0201750613025252	0.00799503295443691	0.0247201200040719	-0.160494177253479	0.00816696914700545	0.0210526315789474	0.224510459451715	1.0175417814751	0.167092029643073	0.41016333938294	0.452631578947368	H2L	0.160494177253479	0.224510459451715	1.5	TRUE	PE	2.64055802411527
ENSG00000164707	1.16805451066468	0.000895929551257037	0.0112800922404858	0.0341197822141561	6.33439590303096	-0.0878988959467635	0.0344827586206897	0.0105263157894737	0.240443213296399	29.4483379407945	0.147128327283727	0.368421052631579	0.347368421052632	H2L	0.0878988959467635	0.240443213296399	1.5	TRUE	PE	3.04772613844363
ENSG00000107796	1.28711301176497	0.00176211131969936	0.0173851552300794	0.0341197822141561	64.5221458585284	-0.113760964912281	0.0344827586206897	0.0105263157894737	0.229754513325055	133.462182225306	0.126710904416213	0.325771324863884	0.294736842105263	H2L	0.113760964912281	0.229754513325055	1.5	TRUE	PE	2.75396665891803
ENSG00000074370	1.12455085255268	2.29429384772463e-05	0.00144685034853752	0	11.4347629126611	-0.174559513006655	1.4507451501454e-17	1	0.287821186359729	1.25005451345159	0.202482229280097	0.506352087114338	0.431578947368421	H2L	0.174559513006655	0.287821186359729	1.5	TRUE	PE	4.63935095944434
ENSG00000112214	1.10823701872961	0.00251442119757706	0.021349588519899	0.0506352087114338	2.15062009766063	-0.160040456745312	0.0517241379310345	0.0210526315789474	0.221272327825007	5.96085427180713	0.18705573200242	0.512704174228675	0.568421052631579	H2L	0.160040456745312	0.221272327825007	1.5	TRUE	PE	2.59956197069857
ENSG00000174963	0.871348098291127	4.70408275989253e-05	0.00208437061266829	0	20.4713963660287	-0.168661146400484	1.4507451501454e-17	1	0.278154551533098	2.92306695707253	0.199306185722928	0.471869328493648	0.410526315789474	H2L	0.168661146400484	0.278154551533098	1.5	TRUE	PE	4.3275250462236
ENSG00000197057	0.672067354497138	0.00633537250794817	0.0400631649555127	0.0172413793103448	0	-0.12283537507562	0.0172413793103448	0	0.207517432419524	0	0.142591122202057	0.358439201451906	0.421052631578947	H2L	0.12283537507562	0.207517432419524	1.5	TRUE	PE	2.19822784433373
ENSG00000164761	0.813609565407426	0.000205331495650784	0.00482611870481915	0	44.248463040709	-0.212218315184513	1.4507451501454e-17	1	0.260703027987391	7.28255212301045	0.202935949788264	0.505444646098004	0.484210526315789	H2L	0.212218315184513	0.260703027987391	1.5	TRUE	PE	3.68754442939872
ENSG00000187498	0.620784947216434	0.000615682338129531	0.00906433795235187	0	37.8288449792379	-0.201329022988506	1.4507451501454e-17	1	0.24557264304136	7.17176416183115	0.18251852692075	0.496370235934664	0.505263157894737	H2L	0.201329022988506	0.24557264304136	1.5	TRUE	PE	3.21064330468766
ENSG00000273608	1.01910264447679	0.00704922565085449	0.0424704773481575	0.0377877543222848	0	-0.0457028886872353	0.0417422867513612	0.0947368421052632	0.206170598911071	0	0.0831537356321839	0.257713248638838	0.2	H2L	0.0457028886872353	0.206170598911071	1.5	TRUE	PE	2.15185858712643
ENSG00000275911	0.658824257051483	0.00280219119733452	0.0234756791835274	0	5.24912766695964	-0.105593995765275	1.4507451501454e-17	1	0.220842487343586	0.643765478644611	0.118997655777374	0.308529945553539	0.284210526315789	H2L	0.105593995765275	0.220842487343586	1.5	TRUE	PE	2.55250223553316
ENSG00000133392	1.31878895289392	0.00809763990205894	0.046340834566338	0	64.8020591503124	-0.184995084694495	1.4507451501454e-17	1	0.202473970770847	2.67470331971079	0.170268073200242	0.469147005444646	0.568421052631579	H2L	0.184995084694495	0.202473970770847	1.5	TRUE	PE	2.09164153999358
ENSG00000113140	0.914474626152969	0.000154638526824868	0.00407736612786953	0	430.844159237755	-0.166846264367816	1.4507451501454e-17	1	0.26306237462986	57.842735421238	0.192046657592257	0.462794918330309	0.431578947368421	H2L	0.166846264367816	0.26306237462986	1.5	TRUE	PE	3.81068229629484
ENSG00000178726	0.598093529607818	0.00457813070988479	0.0318993905731473	0	30.0606216159762	-0.123289095583787	1.4507451501454e-17	1	0.213544751170121	6.34764549078182	0.144406004234725	0.37568058076225	0.431578947368421	H2L	0.123289095583787	0.213544751170121	1.5	TRUE	PE	2.33931181197346
ENSG00000152977	0.651404739874296	4.70408275989253e-05	0.00208437061266829	0	61.4237114799477	-0.145067679975802	1.4507451501454e-17	1	0.278154551533098	10.979272456473	0.182972247428917	0.471869328493648	0.410526315789474	H2L	0.145067679975802	0.278154551533098	1.5	TRUE	PE	4.3275250462236
ENSG00000173641	1.00117466921675	7.57273044160537e-05	0.00282352932362857	0	9.02385268695627	-0.235358061101028	1.4507451501454e-17	1	0.274028082911453	0.645811278657105	0.215186403508772	0.591651542649728	0.536842105263158	H2L	0.235358061101028	0.274028082911453	1.5	TRUE	PE	4.12074750201118
ENSG00000087266	0.616211853253872	1.24859529127871e-07	0.000173076917674347	0	22.7957604247194	-0.169568587416818	1.4507451501454e-17	1	0.346814404432133	5.17666382817564	0.215186403508772	0.568058076225045	0.389473684210526	H2L	0.169568587416818	0.346814404432133	1.5	TRUE	PE	6.90357830374124
ENSG00000183644	0.60830488602079	0.000475152938096113	0.00757690369579247	4.77600534912607e-05	2.28177924516818	-0.146882562008469	0.000907441016333952	0.947368421052632	0.247635877352183	1.62758770091374	0.139415078644888	0.385662431941924	0.357894736842105	H2L	0.146882562008469	0.247635877352183	1.5	TRUE	PE	3.32316658094118
ENSG00000224389	0.647975800875069	0.000615682338129531	0.00906433795235187	0.0172413793103448	0	-0.177281836055656	0.0172413793103448	0	0.24557264304136	10.0602930029615	0.192046657592257	0.496370235934664	0.505263157894737	H2L	0.177281836055656	0.24557264304136	1.5	TRUE	PE	3.21064330468766
ENSG00000143320	1.01314311598429	0.000912660728160172	0.0112800922404858	0.00730728818416277	3.17280470971223	-0.106501436781609	0.0462794918330309	0.842105263157895	0.23830356289999	1.96973090593854	0.113553009679371	0.41923774954628	0.431578947368421	H2L	0.106501436781609	0.23830356289999	1.5	TRUE	PE	3.03969063678205
ENSG00000152214	-0.629039436134375	0.00711605671382018	0.0424704773481575	0.20606552679339	24.9806379313003	0.13760019661222	0.383847549909256	0.463157894736842	0.00799503295443691	70.2044782778821	-0.148697444041137	0.00816696914700545	0.0210526315789474	L2H	0.13760019661222	0.20606552679339	1.5	TRUE	PE	2.14776059931753
ENSG00000154319	0.619444062195794	9.67661350740999e-07	0.000307086604587556	0	38.3808734099209	-0.177281836055656	1.4507451501454e-17	1	0.320221606648199	4.98198639124044	0.19749130369026	0.524500907441016	0.389473684210526	H2L	0.177281836055656	0.320221606648199	1.5	TRUE	PE	6.01427660426439
ENSG00000118733	-0.663177064894297	5.86839786900993e-06	0.000667820048358227	0.299598815550673	121.478046733253	0.218816167574108	0.558076225045372	0.463157894736842	0	7.63614920386386	-0.200875302480339	1.4507451501454e-17	1	L2H	0.218816167574108	0.299598815550673	1.5	TRUE	PE	5.23148044920978
ENSG00000136826	0.597798708984917	0.00125958292984196	0.0141041589445708	0.0246059795586971	0	-0.134178387779794	0.0254083484573503	0.0315789473684211	0.234024262107174	0.15315818996469	0.167999470659407	0.44464609800363	0.473684210526316	H2L	0.134178387779794	0.234024262107174	1.5	TRUE	PE	2.89977323365414
ENSG00000253548	-0.781667080287483	0.0003379011007023	0.00632305084020382	0.254312732830261	6.1488323750154	0.138507637628554	0.377495462794918	0.326315789473684	0.0341197822141561	22.4111707045255	-0.102417952208106	0.0344827586206897	0.0105263157894737	L2H	0.138507637628554	0.254312732830261	1.5	TRUE	PE	3.47121039352078
ENSG00000133636	1.55442445763158	0.00194656005910351	0.0185803087596966	0.0189989492788232	0.649795676776329	-0.0434342861464005	0.0353901996370236	0.463157894736842	0.227605310917948	2.95295531703112	0.0827000151240169	0.292196007259528	0.221052631578947	H2L	0.0434342861464005	0.227605310917948	1.5	TRUE	PE	2.71073219203044
ENSG00000242335	0.65919125709945	0.00809763990205894	0.046340834566338	0	21.1198517997309	-0.169114866908651	1.4507451501454e-17	1	0.202473970770847	3.00055300249666	0.166638309134906	0.409255898366606	0.505263157894737	H2L	0.169114866908651	0.202473970770847	1.5	TRUE	PE	2.09164153999358
ENSG00000129654	0.943715952325423	7.86615033505586e-06	0.000812903200431773	0.0172413793103448	0	-0.111038641863279	0.0172413793103448	0	0.298825102684115	0.048779045090384	0.167092029643073	0.430127041742287	0.305263157894737	H2L	0.111038641863279	0.298825102684115	1.5	TRUE	PE	5.10423775771071
ENSG00000163885	0.818848214282295	0.00149222744748947	0.0153113595220577	0	21.7206528733151	-0.0960658650937689	1.4507451501454e-17	1	0.232304900181488	6.72734561894074	0.11672905323654	0.275862068965517	0.157894736842105	H2L	0.0960658650937689	0.232304900181488	1.5	TRUE	PE	2.82616497601776
ENSG00000126778	0.976226638752554	0.00131807961923837	0.0142726346896165	0	17.2076214229185	-0.145975120992135	1.4507451501454e-17	1	0.2338809819467	0.644890295795348	0.150758091349062	0.376588021778584	0.378947368421053	H2L	0.145975120992135	0.2338809819467	1.5	TRUE	PE	2.8800583551806
ENSG00000103316	-0.649452954354021	0.000475152938096113	0.00757690369579247	0.247635877352183	150.772745580233	0.163915986085904	0.385662431941924	0.357894736842105	0.0172413793103448	513.397916753421	-0.135993269812462	0.0172413793103448	0	L2H	0.163915986085904	0.247635877352183	1.5	TRUE	PE	3.32316658094118
ENSG00000259823	-0.739148187825379	0.00014262079714631	0.00401141339541633	0.2661190180533	17.6956203671277	0.140322519661222	0.361161524500907	0.263157894736842	0	1.88635739452155	-0.0919823805202662	1.4507451501454e-17	1	L2H	0.140322519661222	0.2661190180533	1.5	TRUE	PE	3.84581714048872
ENSG00000163734	0.627435433000339	0.000122331123663031	0.00350223402830105	0.00447034100678193	1.04649759753797	-0.107408877797943	0.00544464609800363	0.178947368421053	0.267036011080332	1.98137105048029	0.159378781004235	0.437386569872958	0.389473684210526	H2L	0.107408877797943	0.267036011080332	1.5	TRUE	PE	3.91246303506582
ENSG00000105519	0.785749411738767	2.80933940537709e-07	0.000173076917674347	0	17.2733061120014	-0.162762779794313	1.4507451501454e-17	1	0.331540739325628	3.89262894435918	0.199759906231095	0.516333938294011	0.357894736842105	H2L	0.162762779794313	0.331540739325628	1.5	TRUE	PE	6.55139578756225
ENSG00000147443	0.673522013350222	0.00586930310059611	0.0377795849167565	0.0172413793103448	0.0105681432689011	-0.0824542498487598	0.0172413793103448	0	0.208042793007928	0.480376405863852	0.106747202056866	0.2994555353902	0.305263157894737	H2L	0.0824542498487598	0.208042793007928	1.5	TRUE	PE	2.23141346221623
ENSG00000010319	0.594293913568602	0.00226164308085769	0.0201750613025252	0.0341197822141561	0	-0.0674814730792498	0.0344827586206897	0.0105263157894737	0.224968955965231	0.451995156694418	0.125803463399879	0.333938294010889	0.326315789473684	H2L	0.0674814730792498	0.224968955965231	1.5	TRUE	PE	2.64557593179082
ENSG00000135638	-0.67323585907307	9.1834183673549e-05	0.00316684597219141	0.271248447798262	17.1183475414861	0.115821612220206	0.352994555353902	0.231578947368421	0.0918903429171841	30.2209063052121	-0.0293689503932244	0.117967332123412	0.221052631578947	L2H	0.115821612220206	0.271248447798262	1.5	TRUE	PE	4.03699563015123
ENSG00000274334	0.592057594811789	4.74466210685909e-06	0.000667820048358227	0.0172413793103448	0.129869995857997	-0.130548623714459	0.0172413793103448	0	0.306094182825485	2.39309588917408	0.168453191167574	0.447368421052632	0.315789473684211	H2L	0.130548623714459	0.306094182825485	1.5	TRUE	PE	5.32379471051116
ENSG00000136535	-0.818447692345327	2.90610554045119e-05	0.00173048321735863	0.283656509695291	25.4332045474309	0.14213740169389	0.421052631578947	0.326315789473684	0.00799503295443691	56.3182832143353	-0.0978807471264368	0.00816696914700545	0.0210526315789474	L2H	0.14213740169389	0.283656509695291	1.5	TRUE	PE	4.53668861755118
ENSG00000012223	1.83453679290771	0.000308278177416713	0.00617249980732614	0.0154742573311682	0	-0.108316318814277	0.0163339382940109	0.0526315789473684	0.254465565001433	0	0.150304370840895	0.402903811252269	0.368421052631579	H2L	0.108316318814277	0.254465565001433	1.5	TRUE	PE	3.51105721728616
ENSG00000182107	1.16225494810823	0.00892071391806986	0.0494660278174806	0.0408539497564237	0	-0.0593145039322444	0.0426497277676951	0.0421052631578947	0.201127137262394	0	0.0994876739261948	0.341197822141561	0.410526315789474	H2L	0.0593145039322444	0.201127137262394	1.5	TRUE	PE	2.04960038797009
ENSG00000215328	1.35664497505988	0.00546535130898516	0.0357833628723991	0.0377877543222848	0	-0.0379896400483969	0.0417422867513612	0.0947368421052632	0.208348457350272	2.35022832918888	0.0709032819116757	0.241379310344828	0.136842105263158	H2L	0.0379896400483969	0.208348457350272	1.5	TRUE	PE	2.26238191666937
ENSG00000027075	0.788114484265103	0.00177671988460732	0.0173851552300794	0	24.3071348887352	-0.143252797943134	1.4507451501454e-17	1	0.229448848982711	2.82331547811994	0.170721793708409	0.427404718693285	0.463157894736842	H2L	0.143252797943134	0.229448848982711	1.5	TRUE	PE	2.75038103711208
ENSG00000142494	0.727527243129805	0.00657909830880577	0.0405200370860826	0	72.9469374641101	-0.139623033877798	1.4507451501454e-17	1	0.20682968764925	7.22910245995535	0.130340668481549	0.333030852994555	0.378947368421053	H2L	0.139623033877798	0.20682968764925	1.5	TRUE	PE	2.18183362406743
ENSG00000154262	0.648890966388627	0.0016121238103345	0.0163281689496921	0.0506352087114338	16.8231716498671	-0.0683889140955838	0.0517241379310345	0.0210526315789474	0.230213009838571	54.0903848068055	0.113099289171204	0.284029038112523	0.189473684210526	H2L	0.0683889140955838	0.230213009838571	1.5	TRUE	PE	2.79260160764216
ENSG00000127241	0.656910871087531	0.000273317509260909	0.00569365267201423	0.0341197822141561	0.597938999243359	-0.094704703569268	0.0344827586206897	0.0105263157894737	0.257035055879263	6.08916521773651	0.153480414398064	0.343920145190563	0.252631578947368	H2L	0.094704703569268	0.257035055879263	1.5	TRUE	PE	3.56333254564999
ENSG00000047617	0.931752285613922	0.00280219119733452	0.0234756791835274	0.0314547712293438	0.44830917684981	-0.0629442679975802	0.0335753176043557	0.0631578947368421	0.220842487343586	2.61299934417037	0.0922281457955233	0.308529945553539	0.284210526315789	H2L	0.0629442679975802	0.220842487343586	1.5	TRUE	PE	2.55250223553316
ENSG00000110090	0.736399943743885	0.00546535130898516	0.0357833628723991	0.0172413793103448	6.22228260626949	-0.187717407743497	0.0172413793103448	0	0.208348457350272	10.503447366879	0.181157365396249	0.520871143375681	0.6	H2L	0.187717407743497	0.208348457350272	1.5	TRUE	PE	2.26238191666937
ENSG00000196924	0.65100695413499	0.00546535130898516	0.0357833628723991	0	106.009994385888	-0.218570402298851	1.4507451501454e-17	1	0.208348457350272	12.6029946237587	0.203389670296431	0.520871143375681	0.6	H2L	0.218570402298851	0.208348457350272	1.5	TRUE	PE	2.26238191666937
ENSG00000054179	0.63073837702352	1.12373576215084e-06	0.000307086604587556	0	10.4010350250467	-0.189986010284332	1.4507451501454e-17	1	0.319543413888624	1.00759529886764	0.180703644888082	0.481851179673321	0.336842105263158	H2L	0.189986010284332	0.319543413888624	1.5	TRUE	PE	5.94933579739371
ENSG00000124785	-0.595713002285339	0.000115058056091333	0.00349348220007613	0.268564332792053	58.7173821343148	0.167092029643073	0.386569872958258	0.305263157894737	0.0341197822141561	364.90841370341	-0.144613959467635	0.0344827586206897	0.0105263157894737	L2H	0.167092029643073	0.268564332792053	1.5	TRUE	PE	3.93908296766064
ENSG00000106236	-0.637104879457774	0.000806311624225508	0.0109037565190749	0.241016333938294	59.3965715412858	0.111284407138536	0.301270417422867	0.2	0.0567389435476168	325.80581859194	-0.0411656836055656	0.0598911070780399	0.0526315789473684	L2H	0.111284407138536	0.241016333938294	1.5	TRUE	PE	3.09349707913028
ENSG00000255730	-0.685014324516399	0.00764770858884665	0.0451283831925385	0.204307956824912	2.07911849452784	0.0904132637628554	0.265880217785844	0.231578947368421	0.00799503295443691	5.04153778186099	-0.0597682244404114	0.00816696914700545	0.0210526315789474	L2H	0.0904132637628554	0.204307956824912	1.5	TRUE	PE	2.11646866893627
ENSG00000162383	0.619896519708762	0.00144275185907255	0.0150162438457596	0	4.32724835165565	-0.0878988959467635	1.4507451501454e-17	1	0.23273474066291	0.178067351724222	0.143952283726558	0.401996370235935	0.421052631578947	H2L	0.0878988959467635	0.23273474066291	1.5	TRUE	PE	2.84080835740408
ENSG00000164949	0.603459627783332	0.0025136720404023	0.021349588519899	0.0172413793103448	2.19288051514543	-0.144613959467635	0.0172413793103448	0	0.224023306906104	7.64128907758121	0.163462265577737	0.452813067150635	0.505263157894737	H2L	0.144613959467635	0.224023306906104	1.5	TRUE	PE	2.59969138549423
ENSG00000171551	2.27025752564091	0.00194656005910351	0.0185803087596966	0.0224376731301939	0	-0.051147534785239	0.0245009074410163	0.0842105263157895	0.227605310917948	0.0375007120273825	0.102209996975197	0.292196007259528	0.221052631578947	H2L	0.051147534785239	0.227605310917948	1.5	TRUE	PE	2.71073219203044
ENSG00000115414	1.08262705903716	0.00251395297434283	0.021349588519899	0	659.821054158089	-0.195430656382335	1.4507451501454e-17	1	0.223134969911166	92.6919026027836	0.189324334543255	0.52994555353902	0.578947368421053	H2L	0.195430656382335	0.223134969911166	1.5	TRUE	PE	2.59964285042651
ENSG00000176788	-0.656026902812597	0.00394752765802448	0.0290349146573481	0.216687362689846	198.44335116394	0.120812537810042	0.316696914700544	0.315789473684211	0.00799503295443691	416.461891913379	-0.0838154113732607	0.00816696914700545	0.0210526315789474	L2H	0.120812537810042	0.216687362689846	1.5	TRUE	PE	2.4036748184607
ENSG00000085721	-1.12891620692324	0.00457813070988479	0.0318993905731473	0.213544751170121	73.4262817932797	0.132609271022384	0.37568058076225	0.431578947368421	0	16.9214982796742	-0.150512326073805	1.4507451501454e-17	1	L2H	0.132609271022384	0.213544751170121	1.5	TRUE	PE	2.33931181197346
ENSG00000188338	0.720997662421823	0.00144275185907255	0.0150162438457596	0.0506352087114338	1.94290073535421	-0.119205611010284	0.0517241379310345	0.0210526315789474	0.23273474066291	8.77272924641922	0.14803576830006	0.401996370235935	0.421052631578947	H2L	0.119205611010284	0.23273474066291	1.5	TRUE	PE	2.84080835740408
ENSG00000186973	0.949576883935102	0.0016121238103345	0.0163281689496921	0.0377877543222848	0	-0.0420731246218996	0.0417422867513612	0.0947368421052632	0.230213009838571	0	0.0827000151240169	0.284029038112523	0.189473684210526	H2L	0.0420731246218996	0.230213009838571	1.5	TRUE	PE	2.79260160764216
ENSG00000257341	1.00822189347181	0.00633537250794817	0.0400631649555127	0	60.9034083687177	-0.124196536600121	1.4507451501454e-17	1	0.207517432419524	4.88473179234209	0.12262741984271	0.358439201451906	0.421052631578947	H2L	0.124196536600121	0.207517432419524	1.5	TRUE	PE	2.19822784433373
ENSG00000119042	-0.611103551962929	0.000115058056091333	0.00349348220007613	0.268564332792053	53.541869137381	0.13760019661222	0.386569872958258	0.305263157894737	0.0667876588021779	96.2509664236965	-0.0638517090139141	0.0689655172413793	0.0315789473684211	L2H	0.13760019661222	0.268564332792053	1.5	TRUE	PE	3.93908296766064
ENSG00000112773	0.739661590536604	0.000204613553358298	0.00482611870481915	0	16.7919831631735	-0.173198351482154	1.4507451501454e-17	1	0.260932276244149	2.80116291548995	0.181611085904416	0.420145190562613	0.378947368421053	H2L	0.173198351482154	0.260932276244149	1.5	TRUE	PE	3.68906560251924
ENSG00000160593	0.856619082927049	0.00125958292984196	0.0141041589445708	0.0408539497564237	0	-0.122381654567453	0.0426497277676951	0.0421052631578947	0.234024262107174	0.0591478844375282	0.165277147610405	0.44464609800363	0.473684210526316	H2L	0.122381654567453	0.234024262107174	1.5	TRUE	PE	2.89977323365414
ENSG00000106100	0.640810241331964	0.000351916582846904	0.00632305084020382	0.0172413793103448	0.572583595744635	-0.134632108287961	0.0172413793103448	0	0.252478746776196	2.49127179243127	0.16754575015124	0.428312159709619	0.410526315789474	H2L	0.134632108287961	0.252478746776196	1.5	TRUE	PE	3.45356026806206
ENSG00000213145	1.67902637195621	2.90610554045119e-05	0.00173048321735863	0	62.4849361984308	-0.116029567453116	1.4507451501454e-17	1	0.283656509695291	3.9056558475935	0.151665532365396	0.421052631578947	0.326315789473684	H2L	0.116029567453116	0.283656509695291	1.5	TRUE	PE	4.53668861755118
ENSG00000128567	1.06368344914733	0.000101385937651831	0.00333470215463456	0	78.1374600049262	-0.120566772534785	1.4507451501454e-17	1	0.268869997134397	14.1383041027183	0.139868799153055	0.411978221415608	0.347368421052632	H2L	0.120566772534785	0.268869997134397	1.5	TRUE	PE	3.99402227797405
ENSG00000070808	-0.626458763237289	0.00298448610986122	0.0241578939827563	0.220508166969147	468.814880697175	0.123081140350877	0.367513611615245	0.4	0.0154742573311682	729.108879946503	-0.0742872807017544	0.0163339382940109	0.0526315789473684	L2H	0.123081140350877	0.220508166969147	1.5	TRUE	PE	2.52513043802352
ENSG00000067715	-0.95687585179271	0.00210488194203765	0.0192335989432649	0.226802942019295	774.051543621332	0.160286222020569	0.38475499092559	0.410526315789474	0	39.7291473121456	-0.155956972171809	1.4507451501454e-17	1	L2H	0.160286222020569	0.226802942019295	1.5	TRUE	PE	2.67677225771857
ENSG00000172935	0.673427934537977	0.000351916582846904	0.00632305084020382	0.0246059795586971	0	-0.155503251663642	0.0254083484573503	0.0315789473684211	0.252478746776196	0.497892921752027	0.178888762855414	0.428312159709619	0.410526315789474	H2L	0.155503251663642	0.252478746776196	1.5	TRUE	PE	3.45356026806206
ENSG00000164600	-0.633592602148172	0.000615682338129531	0.00906433795235187	0.24557264304136	31.5783709301822	0.208380595886267	0.496370235934664	0.505263157894737	0	1.54336816925201	-0.181365320629159	1.4507451501454e-17	1	L2H	0.208380595886267	0.24557264304136	1.5	TRUE	PE	3.21064330468766
ENSG00000182836	-0.670563646425737	0.00065182917181205	0.00929327963870531	0.243509408730538	24.9538438970576	0.156202737447066	0.436479128856624	0.442105263157895	0.000735504823765404	14.6278366386365	-0.1423453569268	0.00998185117967334	0.926315789473684	L2H	0.156202737447066	0.243509408730538	1.5	TRUE	PE	3.18586620712044
ENSG00000276480	1.37739054472524	0.000308278177416713	0.00617249980732614	0.0172413793103448	0.0774800259621222	-0.120566772534785	0.0172413793103448	0	0.254465565001433	4.62213123122744	0.15257297338173	0.402903811252269	0.368421052631579	H2L	0.120566772534785	0.254465565001433	1.5	TRUE	PE	3.51105721728616
ENSG00000196154	1.63477468977626	0.00131807961923837	0.0142726346896165	0.0341197822141561	0	-0.128733741681791	0.0344827586206897	0.0105263157894737	0.2338809819467	2.09313672638571	0.139868799153055	0.376588021778584	0.378947368421053	H2L	0.128733741681791	0.2338809819467	1.5	TRUE	PE	2.8800583551806
ENSG00000011677	-0.666400182041318	0.000232987881352607	0.00521296912055423	0.260473779730633	15.2266595045524	0.140322519661222	0.369328493647913	0.294736842105263	0	1.71995802054979	-0.10332539322444	1.4507451501454e-17	1	L2H	0.140322519661222	0.260473779730633	1.5	TRUE	PE	3.63266666780716
ENSG00000161638	0.642535491785208	0.00397150068761703	0.0290349146573481	0	14.6946981506782	-0.189532289776165	1.4507451501454e-17	1	0.215770369662814	1.99637971960795	0.160739942528736	0.418330308529946	0.484210526315789	H2L	0.189532289776165	0.215770369662814	1.5	TRUE	PE	2.40104535792167
ENSG00000143867	1.16901636090783	0.000273317509260909	0.00569365267201423	0.0377877543222848	0	-0.0570459013914096	0.0417422867513612	0.0947368421052632	0.257035055879263	0.210879745055363	0.109923245614035	0.343920145190563	0.252631578947368	H2L	0.0570459013914096	0.257035055879263	1.5	TRUE	PE	3.56333254564999
ENSG00000162998	0.91375617388514	0.000614683461896508	0.00906433795235187	0.0623268698060942	2.00697453845786	-0.101510511191773	0.0680580762250454	0.0842105263157895	0.246489636068392	4.38235458038121	0.151665532365396	0.360254083484573	0.315789473684211	H2L	0.101510511191773	0.246489636068392	1.5	TRUE	PE	3.21134847144604
ENSG00000184956	0.814418482491893	0.00298448610986122	0.0241578939827563	0.0246059795586971	0	-0.100149349667272	0.0254083484573503	0.0315789473684211	0.220508166969147	0.880195446869185	0.128979506957048	0.367513611615245	0.4	H2L	0.100149349667272	0.220508166969147	1.5	TRUE	PE	2.52513043802352
ENSG00000183837	-0.714774769348423	0.000736140568855645	0.0100797438218225	0.243203744388194	23.8905421572063	0.132609271022384	0.334845735027223	0.273684210526316	0.0536918521348744	36.6751862540721	-0.050240093768905	0.0662431941923775	0.189473684210526	L2H	0.132609271022384	0.243203744388194	1.5	TRUE	PE	3.1330392475515
ENSG00000104921	1.62750924122221	0.00633537250794817	0.0400631649555127	0.0917470627567103	0.293427088237347	0.0010303236539625	0.102540834845735	0.105263157894737	0.207517432419524	0.937512537202454	0.0722644434361766	0.249546279491833	0.168421052631579	H2L	0.0010303236539625	0.207517432419524	1.5	TRUE	PE	2.19822784433373
ENSG00000106819	0.853389642664854	0.000538987372362737	0.00846006832974651	0.0172413793103448	1.34593659602861	-0.116483287961283	0.0172413793103448	0	0.247588117298691	4.11602639983018	0.127618345432547	0.326678765880218	0.242105263157895	H2L	0.116483287961283	0.247588117298691	1.5	TRUE	PE	3.26842140953866
ENSG00000167676	0.609161658220263	0.00100555621783131	0.0120022276238665	0.00019104021396504	1.05323106491957	-0.102871672716273	0.0090744101633394	0.978947368421053	0.23830356289999	0.0394458042904602	0.133970432546884	0.343012704174229	0.305263157894737	H2L	0.102871672716273	0.23830356289999	1.5	TRUE	PE	2.99759364420015
ENSG00000070404	0.610529538351586	2.06642520706626e-05	0.00144685034853752	0.00799503295443691	11.1325321128515	-0.136446990320629	0.00816696914700545	0.0210526315789474	0.289588308338905	28.2718890694783	0.160739942528736	0.387477313974592	0.252631578947368	H2L	0.136446990320629	0.289588308338905	1.5	TRUE	PE	4.68478030908675
ENSG00000173918	1.04921913157007	0.00711774231746341	0.0424704773481575	0	27.581116410581	-0.180457879612825	1.4507451501454e-17	1	0.204795109370522	1.94834127582253	0.186148290986086	0.486388384754991	0.578947368421053	H2L	0.180457879612825	0.204795109370522	1.5	TRUE	PE	2.14765773874423
ENSG00000172403	0.613067493029394	0.00633537250794817	0.0400631649555127	0.028885280351514	20.0337794247635	-0.0711112371445856	0.0326678765880218	0.115789473684211	0.207517432419524	26.4680404071101	0.13760019661222	0.358439201451906	0.421052631578947	H2L	0.0711112371445856	0.207517432419524	1.5	TRUE	PE	2.19822784433373
ENSG00000112837	0.855901556952893	9.67661350740999e-07	0.000307086604587556	0.0172413793103448	1.53751199540864	-0.169568587416818	0.0172413793103448	0	0.320221606648199	7.04772157005321	0.199759906231095	0.524500907441016	0.389473684210526	H2L	0.169568587416818	0.320221606648199	1.5	TRUE	PE	6.01427660426439
ENSG00000229685	1.20665100612709	0.00280219119733452	0.0234756791835274	0.0855860158563377	1.01431658084687	-0.0329987144585602	0.101633393829401	0.157894736842105	0.220842487343586	7.22189813445594	0.109923245614035	0.308529945553539	0.284210526315789	H2L	0.0329987144585602	0.220842487343586	1.5	TRUE	PE	2.55250223553316
ENSG00000129474	0.607006055764392	0.00394980634443107	0.0290349146573481	0	6.32856954774219	-0.188624848759831	1.4507451501454e-17	1	0.216458114433088	0.761558196301822	0.192046657592257	0.478221415607985	0.547368421052632	H2L	0.188624848759831	0.216458114433088	1.5	TRUE	PE	2.40342419693209
ENSG00000145012	0.597467827525273	0.00210491315691993	0.0192335989432649	0	160.110711599692	-0.231274576527526	1.4507451501454e-17	1	0.226545037730442	41.8036076541669	0.200667347247429	0.581669691470054	0.610526315789474	H2L	0.231274576527526	0.226545037730442	1.5	TRUE	PE	2.67676581728581
ENSG00000161714	0.70101769356288	0.00397150068761703	0.0290349146573481	0	52.5275745167144	-0.15278092861464	1.4507451501454e-17	1	0.215770369662814	6.24653423597079	0.175258998790079	0.418330308529946	0.484210526315789	H2L	0.15278092861464	0.215770369662814	1.5	TRUE	PE	2.40104535792167
ENSG00000184613	-0.620075956588893	0.000151267319538416	0.00407736612786953	0.264093991785271	608.638684335899	0.199759906231095	0.522686025408349	0.494736842105263	0.0172413793103448	1134.60506403673	-0.171383469449486	0.0172413793103448	0	L2H	0.199759906231095	0.264093991785271	1.5	TRUE	PE	3.82025488874311
ENSG00000041353	-0.802472865565234	0.00194990005150768	0.0185803087596966	0.227605310917948	143.629448957226	0.178888762855414	0.47005444646098	0.515789473684211	0	9.11067110218529	-0.169114866908651	1.4507451501454e-17	1	L2H	0.178888762855414	0.227605310917948	1.5	TRUE	PE	2.70998764924811
ENSG00000206312	0.632229232252085	0.00228792601173911	0.0201750613025252	0.0172413793103448	0	-0.100149349667272	0.0172413793103448	0	0.224510459451715	0.32988189672892	0.145767165759226	0.41016333938294	0.452631578947368	H2L	0.100149349667272	0.224510459451715	1.5	TRUE	PE	2.64055802411527
ENSG00000196616	1.63683315173856	0.00100892742511776	0.0120022276238665	0	62.0758148705321	-0.177281836055656	1.4507451501454e-17	1	0.238236698825103	3.28584882273532	0.158925060496068	0.461887477313975	0.484210526315789	H2L	0.177281836055656	0.238236698825103	1.5	TRUE	PE	2.99614007261744
ENSG00000064270	0.723921868009087	0.004854913071079	0.0333116288595174	0.0506352087114338	1.66190454128762	-0.0820005293405929	0.0517241379310345	0.0210526315789474	0.212016429458401	8.57967460301487	0.125349742891712	0.32486388384755	0.347368421052632	H2L	0.0820005293405929	0.212016429458401	1.5	TRUE	PE	2.31381854188126
ENSG00000149596	0.780406290355593	0.000559089756552324	0.00854532416073962	0.0314547712293438	0	-0.094250983061101	0.0335753176043557	0.0631578947368421	0.246642468239564	0	0.143044842710224	0.411070780399274	0.4	H2L	0.094250983061101	0.246642468239564	1.5	TRUE	PE	3.2525184646598
ENSG00000015285	0.652492804471681	0.00397150068761703	0.0290349146573481	0	18.7257199156526	-0.113307244404114	1.4507451501454e-17	1	0.215770369662814	1.95121789719105	0.162554824561403	0.418330308529946	0.484210526315789	H2L	0.113307244404114	0.215770369662814	1.5	TRUE	PE	2.40104535792167
ENSG00000103710	0.596759204520452	0.000274410030140778	0.00569365267201423	0	20.7477067828054	-0.158679295220811	1.4507451501454e-17	1	0.256949087782978	3.59483979049582	0.186148290986086	0.488203266787659	0.473684210526316	H2L	0.158679295220811	0.256949087782978	1.5	TRUE	PE	3.56160001849147
ENSG00000243244	0.596985441899372	0.00298448610986122	0.0241578939827563	0	25.9179410979962	-0.135539549304295	1.4507451501454e-17	1	0.220508166969147	6.28726437074271	0.134424153055051	0.367513611615245	0.4	H2L	0.135539549304295	0.220508166969147	1.5	TRUE	PE	2.52513043802352
ENSG00000171617	-0.87307798423985	0.000273317509260909	0.00569365267201423	0.257035055879263	1092.91953517221	0.151211811857229	0.343920145190563	0.252631578947368	0.067398987486866	2491.80518166825	-0.101510511191773	0.0762250453720508	0.115789473684211	L2H	0.151211811857229	0.257035055879263	1.5	TRUE	PE	3.56333254564999
ENSG00000184489	0.742098957513688	0.00315838421905406	0.0247952672124986	0.00799503295443691	0	-0.103779113732607	0.00816696914700545	0.0210526315789474	0.219667590027701	0.712859527006058	0.129433227465215	0.342105263157895	0.357894736842105	H2L	0.103779113732607	0.219667590027701	1.5	TRUE	PE	2.50053503896817
ENSG00000163431	1.29954910995487	0.00100892742511776	0.0120022276238665	0	27.020709564067	-0.148697444041137	1.4507451501454e-17	1	0.238236698825103	1.56945156361232	0.158017619479734	0.461887477313975	0.484210526315789	H2L	0.148697444041137	0.238236698825103	1.5	TRUE	PE	2.99614007261744
ENSG00000159388	0.585708865612378	3.48982383912399e-05	0.00188118806009082	0.0172413793103448	3.0383178716894	-0.138715592861464	0.0172413793103448	0	0.283198013181775	13.0422596020432	0.16164738354507	0.395644283121597	0.284210526315789	H2L	0.138715592861464	0.283198013181775	1.5	TRUE	PE	4.45719649498462
ENSG00000022355	-0.606144612843907	0.000117118238321943	0.00349348220007613	0.267121979176617	767.141996691345	0.202482229280097	0.539927404718693	0.505263157894737	0.0172413793103448	3323.72931690787	-0.188171128251664	0.0172413793103448	0	L2H	0.202482229280097	0.267121979176617	1.5	TRUE	PE	3.93137546883673
ENSG00000080854	1.0406318987908	0.00525920822639505	0.0349658636011212	0.0172413793103448	7.98275619868468	-0.0779170447670901	0.0172413793103448	0	0.211567484955583	48.4764232856558	0.104932320024198	0.291288566243194	0.273684210526316	H2L	0.0779170447670901	0.211567484955583	1.5	TRUE	PE	2.27907963394324
ENSG00000132470	0.599362591368362	4.70408275989253e-05	0.00208437061266829	0	16.5819175771623	-0.179096718088324	1.4507451501454e-17	1	0.278154551533098	3.11952918720884	0.196130142165759	0.471869328493648	0.410526315789474	H2L	0.179096718088324	0.278154551533098	1.5	TRUE	PE	4.3275250462236
ENSG00000064300	0.898138114382815	0.000115058056091333	0.00349348220007613	0	17.4344719700579	-0.0901674984875983	1.4507451501454e-17	1	0.268564332792053	1.23531729476157	0.14667460677556	0.386569872958258	0.305263157894737	H2L	0.0901674984875983	0.268564332792053	1.5	TRUE	PE	3.93908296766064
ENSG00000173376	0.625594376230263	0.00449291408125502	0.0318993905731473	0	26.003988883942	-0.107408877797943	1.4507451501454e-17	1	0.213850415512465	4.44648539981507	0.133516712038717	0.3502722323049	0.389473684210526	H2L	0.107408877797943	0.213850415512465	1.5	TRUE	PE	2.34747188641325
ENSG00000132481	0.660780216743442	2.49719058255742e-07	0.000173076917674347	0.0246059795586971	2.88169831288877	-0.117844449485783	0.0254083484573503	0.0315789473684211	0.335896456204031	9.41491270432342	0.186148290986086	0.490925589836661	0.315789473684211	H2L	0.117844449485783	0.335896456204031	1.5	TRUE	PE	6.60254830981639
ENSG00000122176	0.852043125275092	0.00530768493857894	0.0349658636011212	0	20.8534138394959	-0.1423453569268	1.4507451501454e-17	1	0.210191995415035	2.1518457535239	0.167999470659407	0.443738656987296	0.526315789473684	H2L	0.1423453569268	0.210191995415035	1.5	TRUE	PE	2.27509486453729
ENSG00000167081	0.742663923681397	7.94106605253259e-05	0.00282352932362857	0	42.2027739425678	-0.164577661826981	1.4507451501454e-17	1	0.272194096857388	12.909892111859	0.184333408953418	0.497277676950998	0.452631578947368	H2L	0.164577661826981	0.272194096857388	1.5	TRUE	PE	4.10012119156562
ENSG00000188488	0.811569355873355	1.04257706821772e-05	0.000974063370171094	0	9.06810453322288	-0.170022307924985	1.4507451501454e-17	1	0.297296780972395	0.590865985255657	0.190231775559589	0.455535390199637	0.347368421052632	H2L	0.170022307924985	0.297296780972395	1.5	TRUE	PE	4.98189183169425
ENSG00000198467	2.0387470897214	0.00659607920476716	0.0405200370860826	0	322.805099750929	-0.165031382335148	1.4507451501454e-17	1	0.206514471296208	8.78562234016392	0.170268073200242	0.426497277676951	0.515789473684211	H2L	0.165031382335148	0.206514471296208	1.5	TRUE	PE	2.18071413805068
ENSG00000233670	1.09255275731435	5.86839786900993e-06	0.000667820048358227	0	13.9454185882381	-0.129641182698125	1.4507451501454e-17	1	0.303572452001146	0.80287128677065	0.187963173018754	0.472776769509982	0.357894736842105	H2L	0.129641182698125	0.303572452001146	1.5	TRUE	PE	5.23148044920978
ENSG00000079308	0.672963945113258	0.00131873513176629	0.0142726346896165	0.0172413793103448	4.32052861844448	-0.188624848759831	0.0172413793103448	0	0.233680389722036	18.7896409395975	0.208834316394434	0.50453720508167	0.536842105263158	H2L	0.188624848759831	0.233680389722036	1.5	TRUE	PE	2.87984242383431
ENSG00000137094	0.822077646604349	0.00657909830880577	0.0405200370860826	0.0172413793103448	7.80913218988386	-0.0892600574712644	0.0172413793103448	0	0.20682968764925	14.3145134481896	0.134424153055051	0.333030852994555	0.378947368421053	H2L	0.0892600574712644	0.20682968764925	1.5	TRUE	PE	2.18183362406743
ENSG00000163032	-0.734561268392601	0.00149356968742759	0.0153113595220577	0.230824338523259	1140.89917675958	0.186148290986086	0.487295825771325	0.526315789473684	0	80.8320731476656	-0.178642997580157	1.4507451501454e-17	1	L2H	0.186148290986086	0.230824338523259	1.5	TRUE	PE	2.82577450914313
ENSG00000159403	0.633976649537631	0.000122331123663031	0.00350223402830105	0.0172413793103448	3.64171810402097	-0.166392543859649	0.0172413793103448	0	0.267036011080332	16.1295455640203	0.158925060496068	0.437386569872958	0.389473684210526	H2L	0.166392543859649	0.267036011080332	1.5	TRUE	PE	3.91246303506582
ENSG00000187479	0.885134517957828	0.00904519886861035	0.0494660278174806	0	158.761287057426	-0.176374395039322	1.4507451501454e-17	1	0.199789855764638	21.0770380782433	0.142591122202057	0.451905626134301	0.557894736842105	H2L	0.176374395039322	0.199789855764638	1.5	TRUE	PE	2.043581880259
ENSG00000185518	-0.664193717426606	5.52815565213648e-05	0.00228811362366724	0.276215493361353	433.903498022256	0.197945024198427	0.514519056261343	0.463157894736842	0	66.487482069391	-0.185448805202662	1.4507451501454e-17	1	L2H	0.197945024198427	0.276215493361353	1.5	TRUE	PE	4.25741973734954
ENSG00000183527	-1.20810239177809	0.00210491315691993	0.0192335989432649	0.226545037730442	32.6905945451586	0.189324334543255	0.581669691470054	0.610526315789474	0.00019104021396504	18.1500595654422	-0.230820856019359	0.0090744101633394	0.978947368421053	L2H	0.189324334543255	0.226545037730442	1.5	TRUE	PE	2.67676581728581
ENSG00000106823	0.704362753694586	5.86839786900993e-06	0.000667820048358227	0.0154742573311682	1.83189662083001	-0.170476028433152	0.0163339382940109	0.0526315789473684	0.302798739134588	4.06420215904595	0.212917800967937	0.575317604355717	0.473684210526316	H2L	0.170476028433152	0.302798739134588	1.5	TRUE	PE	5.23148044920978
ENSG00000177469	0.644949714250935	2.59083522940332e-06	0.000499999984392559	0	32.4959938882032	-0.233089458560194	1.4507451501454e-17	1	0.31196866940491	4.95447917123679	0.241502192982456	0.644283121597096	0.515789473684211	H2L	0.233089458560194	0.31196866940491	1.5	TRUE	PE	5.58656020600377
ENSG00000135046	0.629712809403629	0.000122331123663031	0.00350223402830105	0	136.700459060331	-0.111492362371446	1.4507451501454e-17	1	0.267036011080332	33.3722504939661	0.158017619479734	0.437386569872958	0.389473684210526	H2L	0.111492362371446	0.267036011080332	1.5	TRUE	PE	3.91246303506582
ENSG00000142910	0.633084564634226	0.000116868519263687	0.00349348220007613	0	9.95436168729569	-0.181819041137326	1.4507451501454e-17	1	0.267809723946891	1.81774328155082	0.193407819116757	0.480036297640653	0.442105263157895	H2L	0.181819041137326	0.267809723946891	1.5	TRUE	PE	3.93230245847768
ENSG00000018408	0.595875828394072	0.000232987881352607	0.00521296912055423	0.0172413793103448	2.95391881138331	-0.251691999395039	0.0172413793103448	0	0.258869041933327	7.05080265653457	0.236511267392619	0.599818511796733	0.568421052631579	H2L	0.251691999395039	0.258869041933327	1.5	TRUE	PE	3.63266666780716
ENSG00000134198	0.615679986645236	2.06642520706626e-05	0.00144685034853752	0.0719552965899322	2.96512555969469	-0.0180259376890502	0.0843920145190563	0.147368421052632	0.289588308338905	6.03113720771011	0.123988581367211	0.387477313974592	0.252631578947368	H2L	0.0180259376890502	0.289588308338905	1.5	TRUE	PE	4.68478030908675
ENSG00000074047	0.847977302966579	0.0016121238103345	0.0163281689496921	0.0408539497564237	0	-0.0665740320629159	0.0426497277676951	0.0421052631578947	0.230213009838571	0	0.104478599516031	0.284029038112523	0.189473684210526	H2L	0.0665740320629159	0.230213009838571	1.5	TRUE	PE	2.79260160764216
ENSG00000124440	0.916100681189341	0.000308278177416713	0.00617249980732614	0.00019104021396504	41.0236503846436	-0.140076754385965	0.0090744101633394	0.978947368421053	0.254465565001433	17.5174793261299	0.161193663036903	0.402903811252269	0.368421052631579	H2L	0.140076754385965	0.254465565001433	1.5	TRUE	PE	3.51105721728616
ENSG00000114204	0.653948071889661	7.86615033505586e-06	0.000812903200431773	0.024032858916802	0.734562536326438	-0.0996956291591047	0.0308529945553539	0.221052631578947	0.298825102684115	2.54018143632789	0.179796203871748	0.430127041742287	0.305263157894737	H2L	0.0996956291591047	0.298825102684115	1.5	TRUE	PE	5.10423775771071
ENSG00000167244	0.674823321225403	6.8672741020329e-07	0.000282051273247084	0.0172413793103448	1.45365950822861	-0.194976935874168	0.0172413793103448	0	0.322982137739994	6.57531735374595	0.216547565033273	0.601633393829401	0.463157894736842	H2L	0.194976935874168	0.322982137739994	1.5	TRUE	PE	6.16321561709285
ENSG00000171951	-0.91848497911153	0.00204710319493372	0.0191031162111555	0.226955774190467	90.5201627441941	0.129433227465215	0.35934664246824	0.368421052631579	0.0917470627567103	251.298621848271	-0.0883526164549304	0.102540834845735	0.105263157894737	L2H	0.129433227465215	0.226955774190467	1.5	TRUE	PE	2.68886026390267
ENSG00000154553	0.599240108075128	0.000170839050729209	0.00430605808745944	0	60.9034194663815	-0.15278092861464	1.4507451501454e-17	1	0.261772853185596	20.7381491152214	0.159378781004235	0.394736842105263	0.336842105263158	H2L	0.15278092861464	0.261772853185596	1.5	TRUE	PE	3.76741285040242
ENSG00000130702	0.612016545897544	7.94106605253259e-05	0.00282352932362857	0.0172413793103448	0.0576915519970527	-0.183633923169994	0.0172413793103448	0	0.272194096857388	5.81083097199657	0.186602011494253	0.497277676950998	0.452631578947368	H2L	0.183633923169994	0.272194096857388	1.5	TRUE	PE	4.10012119156562
ENSG00000164588	-0.587718745346821	4.55112983671089e-05	0.00208437061266829	0.279873913458783	104.642945544591	0.202935949788264	0.531760435571688	0.473684210526316	0.00799503295443691	234.783045022451	-0.1931620538415	0.00816696914700545	0.0210526315789474	L2H	0.202935949788264	0.279873913458783	1.5	TRUE	PE	4.34188077455597
ENSG00000131095	0.666885022322447	0.000116868519263687	0.00349348220007613	0.0172413793103448	213.42245166133	-0.184087643678161	0.0172413793103448	0	0.267809723946891	745.085107172094	0.201574788263763	0.480036297640653	0.442105263157895	H2L	0.184087643678161	0.267809723946891	1.5	TRUE	PE	3.93230245847768
ENSG00000106809	0.968881399193402	0.000912660728160172	0.0112800922404858	0.0623268698060942	7.77824422516379	-0.0874451754385965	0.0680580762250454	0.0842105263157895	0.23830356289999	17.6304218427483	0.155295296430732	0.41923774954628	0.431578947368421	H2L	0.0874451754385965	0.23830356289999	1.5	TRUE	PE	3.03969063678205
ENSG00000103257	0.961203729165303	0.00903817552009691	0.0494660278174806	0	52.1207238342812	-0.0996956291591047	1.4507451501454e-17	1	0.200668640748878	9.02017207856786	0.148035768300061	0.366606170598911	0.452631578947368	H2L	0.0996956291591047	0.200668640748878	1.5	TRUE	PE	2.04391922898514
ENSG00000177106	0.663187139625134	3.55849658014432e-05	0.00188118806009082	0.0506352087114338	0	-0.165485102843315	0.0517241379310345	0.0210526315789474	0.28316935714968	0.837780930986785	0.204750831820932	0.489110707803993	0.421052631578947	H2L	0.165485102843315	0.28316935714968	1.5	TRUE	PE	4.44873344719879
ENSG00000168389	0.664039461339754	0.000397240591920321	0.00687048008775139	0	28.0022624568014	-0.143252797943134	1.4507451501454e-17	1	0.25202025026268	6.67591520261711	0.153480414398064	0.352087114337568	0.284210526315789	H2L	0.143252797943134	0.25202025026268	1.5	TRUE	PE	3.40094637964617
ENSG00000134817	0.685061843828616	0.000274410030140778	0.00569365267201423	0	44.1409513336242	-0.17818927707199	1.4507451501454e-17	1	0.256949087782978	4.46242627593652	0.196583862673926	0.488203266787659	0.473684210526316	H2L	0.17818927707199	0.256949087782978	1.5	TRUE	PE	3.56160001849147
ENSG00000165588	1.03263422403935	0.00368972394525771	0.0280702912159288	0	5.27887419021207	-0.0715649576527526	1.4507451501454e-17	1	0.217069443117776	0.219675809373675	0.103117437991531	0.274954627949183	0.210526315789474	H2L	0.0715649576527526	0.217069443117776	1.5	TRUE	PE	2.43300612531401
ENSG00000140853	0.639945239000514	5.50006225808271e-05	0.00228811362366724	0.0172413793103448	0.705676401239358	-0.140076754385965	0.0172413793103448	0	0.276291909446939	7.2485261909872	0.177073880822747	0.403811252268602	0.315789473684211	H2L	0.140076754385965	0.276291909446939	1.5	TRUE	PE	4.25963239446354
ENSG00000122641	0.87727088029679	0.00340591823555006	0.0261722227378464	0	154.878657109515	-0.0620368269812462	1.4507451501454e-17	1	0.219046709332314	8.75659849427209	0.0990339534180278	0.266787658802178	0.178947368421053	H2L	0.0620368269812462	0.219046709332314	1.5	TRUE	PE	2.46776578217354
ENSG00000137507	0.801045719655258	0.000437382930534932	0.00723391192945475	0	25.1601925801363	-0.176374395039322	1.4507451501454e-17	1	0.248696150539689	1.26679856207685	0.191139216575923	0.513611615245009	0.515789473684211	H2L	0.176374395039322	0.248696150539689	1.5	TRUE	PE	3.35913816990082
ENSG00000197191	0.758369873760359	0.000614683461896508	0.00906433795235187	0.0341197822141561	0	-0.113760964912281	0.0344827586206897	0.0105263157894737	0.246489636068392	0.47901113068054	0.138961358136721	0.360254083484573	0.315789473684211	H2L	0.113760964912281	0.246489636068392	1.5	TRUE	PE	3.21134847144604
ENSG00000108175	0.77302026492397	0.000122331123663031	0.00350223402830105	0.0341197822141561	10.3505706020508	-0.126011418632789	0.0344827586206897	0.0105263157894737	0.267036011080332	29.8845331901554	0.169360632183908	0.437386569872958	0.389473684210526	H2L	0.126011418632789	0.267036011080332	1.5	TRUE	PE	3.91246303506582
ENSG00000106624	0.799141496514177	9.1834183673549e-05	0.00316684597219141	0	84.5757946403338	-0.224015048396854	1.4507451501454e-17	1	0.269786990161429	9.42970301821723	0.212010359951603	0.557168784029038	0.515789473684211	H2L	0.224015048396854	0.269786990161429	1.5	TRUE	PE	4.03699563015123
ENSG00000110799	0.765681474708649	0.00100555621783131	0.0120022276238665	0	73.0724210614904	-0.13327094676346	1.4507451501454e-17	1	0.23830356289999	9.62462441489443	0.138961358136721	0.343012704174229	0.305263157894737	H2L	0.13327094676346	0.23830356289999	1.5	TRUE	PE	2.99759364420015
ENSG00000135426	-0.7393788107998	0.000437382930534932	0.00723391192945475	0.248696150539689	122.975832580711	0.197945024198427	0.513611615245009	0.515789473684211	0.0172413793103448	367.454662931249	-0.181365320629159	0.0172413793103448	0	L2H	0.197945024198427	0.248696150539689	1.5	TRUE	PE	3.35913816990082
ENSG00000124134	-0.653884857476941	7.57273044160537e-05	0.00282352932362857	0.274840003820804	11.4047268719006	0.157563898971567	0.378402903811252	0.273684210526316	0.0224376731301939	37.0071867344609	-0.114668405928615	0.0245009074410163	0.0842105263157895	L2H	0.157563898971567	0.274840003820804	1.5	TRUE	PE	4.12074750201118
ENSG00000054598	0.908256631783914	5.86839786900993e-06	0.000667820048358227	0	15.4381481742671	-0.201329022988506	1.4507451501454e-17	1	0.302798739134588	1.39406294357481	0.219269888082275	0.575317604355717	0.473684210526316	H2L	0.201329022988506	0.302798739134588	1.5	TRUE	PE	5.23148044920978
ENSG00000176209	-0.676491167884669	0.00177671988460732	0.0173851552300794	0.229448848982711	116.624688691049	0.138961358136721	0.427404718693285	0.463157894736842	0.00019104021396504	57.8393223751935	-0.148697444041137	0.0090744101633394	0.978947368421053	L2H	0.138961358136721	0.229448848982711	1.5	TRUE	PE	2.75038103711208
ENSG00000157782	-0.656903383746221	0.000194281427322967	0.00480246898589396	0.261534052918139	93.5409697586671	0.131248109497883	0.335753176043557	0.221052631578947	0	13.1159479098516	-0.104232834240774	1.4507451501454e-17	1	L2H	0.131248109497883	0.261534052918139	1.5	TRUE	PE	3.7115687145636
ENSG00000206240	1.2881888338599	0.00210488194203765	0.0192335989432649	0.0264113095806667	10.0717444686989	-0.0847228523895947	0.0317604355716878	0.168421052631579	0.226802942019295	144.854635044141	0.133062991530551	0.38475499092559	0.410526315789474	H2L	0.0847228523895947	0.226802942019295	1.5	TRUE	PE	2.67677225771857
ENSG00000091732	-2.41746718881905	0.00586930310059611	0.0377795849167565	0.208042793007928	21.584944974955	0.105386040532365	0.2994555353902	0.305263157894737	0.057961600916993	35.2012744266969	-0.0416194041137326	0.0671506352087114	0.136842105263158	L2H	0.105386040532365	0.208042793007928	1.5	TRUE	PE	2.23141346221623
ENSG00000233198	0.601125916909095	0.00368972394525771	0.0280702912159288	0.0377877543222848	0	-0.0370821990320629	0.0417422867513612	0.0947368421052632	0.217069443117776	0	0.0654586358136721	0.274954627949183	0.210526315789474	H2L	0.0370821990320629	0.217069443117776	1.5	TRUE	PE	2.43300612531401
ENSG00000120708	1.02033491630029	0.00397150068761703	0.0290349146573481	0	87.8553653753982	-0.171383469449486	1.4507451501454e-17	1	0.215770369662814	6.1286869987664	0.154387855414398	0.418330308529946	0.484210526315789	H2L	0.171383469449486	0.215770369662814	1.5	TRUE	PE	2.40104535792167
ENSG00000169248	0.712690885774514	0.00394980634443107	0.0290349146573481	0.0172413793103448	2.60399703706213	-0.144160238959468	0.0172413793103448	0	0.216458114433088	4.79606785688123	0.156202737447066	0.478221415607985	0.547368421052632	H2L	0.144160238959468	0.216458114433088	1.5	TRUE	PE	2.40342419693209
ENSG00000172183	0.620734548560961	0.00177671988460732	0.0173851552300794	0	27.8766343861086	-0.155049531155475	1.4507451501454e-17	1	0.229448848982711	1.88456392025355	0.154387855414398	0.427404718693285	0.463157894736842	H2L	0.155049531155475	0.229448848982711	1.5	TRUE	PE	2.75038103711208
ENSG00000164692	0.738392306755898	6.24297645639354e-08	0.000173076917674347	0	33.6125152563738	-0.194523215366001	1.4507451501454e-17	1	0.369137453433948	3.28503170656994	0.229251739261948	0.59437386569873	0.378947368421053	H2L	0.194523215366001	0.369137453433948	1.5	TRUE	PE	7.20460829592696
ENSG00000065970	0.598477044982436	0.00315838421905406	0.0247952672124986	0.116649154647053	9.07475124426721	-0.0266466273442226	0.128856624319419	0.0947368421052632	0.219667590027701	11.7188494154347	0.108562084089534	0.342105263157895	0.357894736842105	H2L	0.0266466273442226	0.219667590027701	1.5	TRUE	PE	2.50053503896817
ENSG00000198844	0.840849761438106	0.00144275185907255	0.0150162438457596	0.0246059795586971	0.613511110343845	-0.137354431336963	0.0254083484573503	0.0315789473684211	0.23273474066291	2.38077567278535	0.155749016938899	0.401996370235935	0.421052631578947	H2L	0.137354431336963	0.23273474066291	1.5	TRUE	PE	2.84080835740408
ENSG00000162645	0.855838034154411	0.000442127592641791	0.00723391192945475	0	36.6997993320804	-0.190439730792498	1.4507451501454e-17	1	0.248352278154551	3.86004274631938	0.155749016938899	0.453720508166969	0.452631578947368	H2L	0.190439730792498	0.248352278154551	1.5	TRUE	PE	3.35445238046041
ENSG00000164619	-0.710637576897382	0.00809763990205894	0.046340834566338	0.202473970770847	22.823212576632	0.153934134906231	0.409255898366606	0.505263157894737	0	2.6953788497425	-0.149151164549304	1.4507451501454e-17	1	L2H	0.153934134906231	0.202473970770847	1.5	TRUE	PE	2.09164153999358
ENSG00000117069	-0.636799464135108	0.000238388055987387	0.00521296912055423	0.257952048906295	72.6234788030103	0.173897837265578	0.445553539019964	0.421052631578947	0	17.5250083526332	-0.162309059286146	1.4507451501454e-17	1	L2H	0.173897837265578	0.257952048906295	1.5	TRUE	PE	3.62271550794305
ENSG00000119714	0.737371107294563	0.00586930310059611	0.0377795849167565	0.0667876588021779	3.19361456781432	-0.0416194041137326	0.0689655172413793	0.0315789473684211	0.208042793007928	6.95612273621828	0.0949504688445251	0.2994555353902	0.305263157894737	H2L	0.0416194041137326	0.208042793007928	1.5	TRUE	PE	2.23141346221623
ENSG00000118729	1.35088244869444	7.57273044160537e-05	0.00282352932362857	0.0172413793103448	0.384574104097823	-0.122381654567453	0.0172413793103448	0	0.274840003820804	2.62074261337097	0.15257297338173	0.378402903811252	0.273684210526316	H2L	0.122381654567453	0.274840003820804	1.5	TRUE	PE	4.12074750201118
ENSG00000115194	-0.61924351399569	0.00892071391806986	0.0494660278174806	0.201127137262394	24.4814515972499	0.128072065940714	0.341197822141561	0.410526315789474	0.0291622886617633	38.5885551388715	-0.0697500756200847	0.0390199637023593	0.252631578947368	L2H	0.128072065940714	0.201127137262394	1.5	TRUE	PE	2.04960038797009
ENSG00000256463	0.810896492023777	0.000204613553358298	0.00482611870481915	0.0506352087114338	0.0957261791260569	-0.132817226255293	0.0517241379310345	0.0210526315789474	0.260932276244149	1.42970756830716	0.144406004234725	0.420145190562613	0.378947368421053	H2L	0.132817226255293	0.260932276244149	1.5	TRUE	PE	3.68906560251924
ENSG00000130477	-0.863293308177036	0.00250736663418134	0.021349588519899	0.22448180341962	80.8448772275914	0.111284407138536	0.300362976406534	0.252631578947368	0.0536918521348744	133.338046791775	-0.0420731246218996	0.0662431941923775	0.189473684210526	L2H	0.111284407138536	0.22448180341962	1.5	TRUE	PE	2.60078215764115
ENSG00000149972	-0.811612679488763	0.00394752765802448	0.0290349146573481	0.216687362689846	107.673984101088	0.124442301875378	0.316696914700544	0.315789473684211	0.0172413793103448	400.508536065528	-0.0842691318814277	0.0172413793103448	0	L2H	0.124442301875378	0.216687362689846	1.5	TRUE	PE	2.4036748184607
ENSG00000104435	-0.704541578968428	0.00177671988460732	0.0173851552300794	0.229448848982711	426.667161994097	0.160739942528736	0.427404718693285	0.463157894736842	0	18.4852242849488	-0.150512326073805	1.4507451501454e-17	1	L2H	0.160739942528736	0.229448848982711	1.5	TRUE	PE	2.75038103711208
ENSG00000187955	1.49306947480924	0.00149356968742759	0.0153113595220577	0	44.5961800747956	-0.177735556563823	1.4507451501454e-17	1	0.230824338523259	1.75626314961955	0.172536675741077	0.487295825771325	0.526315789473684	H2L	0.177735556563823	0.230824338523259	1.5	TRUE	PE	2.82577450914313
ENSG00000168229	0.89847859610168	0.00711605671382018	0.0424704773481575	0.0408539497564237	0	-0.0842691318814277	0.0426497277676951	0.0421052631578947	0.20606552679339	0.0429434983656629	0.13760019661222	0.383847549909256	0.463157894736842	H2L	0.0842691318814277	0.20606552679339	1.5	TRUE	PE	2.14776059931753
ENSG00000221932	0.961692853599381	0.00177671988460732	0.0173851552300794	0.0154742573311682	0	-0.140984195402299	0.0163339382940109	0.0526315789473684	0.229448848982711	5.53456283150501	0.139415078644888	0.427404718693285	0.463157894736842	H2L	0.140984195402299	0.229448848982711	1.5	TRUE	PE	2.75038103711208
ENSG00000081985	-0.599502360304866	0.000397240591920321	0.00687048008775139	0.25202025026268	2.65219607216184	0.149396929824561	0.352087114337568	0.284210526315789	0.0172413793103448	11.8128271476958	-0.106501436781609	0.0172413793103448	0	L2H	0.149396929824561	0.25202025026268	1.5	TRUE	PE	3.40094637964617
ENSG00000204175	0.87177898775133	0.00764770858884665	0.0451283831925385	0.0408539497564237	0	-0.0393508015728978	0.0426497277676951	0.0421052631578947	0.204307956824912	0.122326436615917	0.0808851330913491	0.265880217785844	0.231578947368421	H2L	0.0393508015728978	0.204307956824912	1.5	TRUE	PE	2.11646866893627
ENSG00000186564	0.704239325147844	0.00657909830880577	0.0405200370860826	0.0623268698060942	0	-0.0615831064730792	0.0680580762250454	0.0842105263157895	0.20682968764925	0	0.102663717483364	0.333030852994555	0.378947368421053	H2L	0.0615831064730792	0.20682968764925	1.5	TRUE	PE	2.18183362406743
ENSG00000205309	-1.07274030799125	0.00131807961923837	0.0142726346896165	0.2338809819467	6.73569645419056	0.136692755595886	0.376588021778584	0.378947368421053	0.0154742573311682	11.6483392128021	-0.135993269812462	0.0163339382940109	0.0526315789473684	L2H	0.136692755595886	0.2338809819467	1.5	TRUE	PE	2.8800583551806
ENSG00000198523	1.87355781888241	0.000351916582846904	0.00632305084020382	0.0470723087209858	10.9527437798686	-0.0983344676346037	0.0508166969147005	0.0736842105263158	0.252478746776196	21.9916112786235	0.145767165759226	0.428312159709619	0.410526315789474	H2L	0.0983344676346037	0.252478746776196	1.5	TRUE	PE	3.45356026806206
ENSG00000131951	0.680961979392003	0.000273317509260909	0.00569365267201423	0.0506352087114338	1.15765602866167	-0.079278206291591	0.0517241379310345	0.0210526315789474	0.257035055879263	4.99742501030169	0.140776240169389	0.343920145190563	0.252631578947368	H2L	0.079278206291591	0.257035055879263	1.5	TRUE	PE	3.56333254564999
ENSG00000257017	0.732855738954942	0.00320492560853647	0.0247952672124986	0.00019104021396504	18.4712603109515	-0.156410692679976	0.0090744101633394	0.978947368421053	0.219209093514185	8.71864192039044	0.137146476104053	0.392921960072595	0.442105263157895	H2L	0.156410692679976	0.219209093514185	1.5	TRUE	PE	2.4941820466995
ENSG00000101335	0.768510176091086	0.000232987881352607	0.00521296912055423	0.0917470627567103	0	-0.0643054295220811	0.102540834845735	0.105263157894737	0.260473779730633	1.24756160798634	0.149850650332728	0.369328493647913	0.294736842105263	H2L	0.0643054295220811	0.260473779730633	1.5	TRUE	PE	3.63266666780716
ENSG00000235396	1.52426208238339	0.00320492560853647	0.0247952672124986	0.00019104021396504	1.63867279911498	-0.142799077434967	0.0090744101633394	0.978947368421053	0.219209093514185	0.271713913120906	0.145767165759226	0.392921960072595	0.442105263157895	H2L	0.142799077434967	0.219209093514185	1.5	TRUE	PE	2.4941820466995
ENSG00000255398	0.709936116183947	0.000895929551257037	0.0112800922404858	0.0408539497564237	0.172306483389923	-0.0974270266182698	0.0426497277676951	0.0421052631578947	0.240443213296399	0.493734533738411	0.128979506957048	0.368421052631579	0.347368421052632	H2L	0.0974270266182698	0.240443213296399	1.5	TRUE	PE	3.04772613844363
ENSG00000182492	0.645933953789021	0.00228792601173911	0.0201750613025252	0.0408539497564237	0	-0.126918859649123	0.0426497277676951	0.0421052631578947	0.224510459451715	0.709352965418229	0.178888762855414	0.41016333938294	0.452631578947368	H2L	0.126918859649123	0.224510459451715	1.5	TRUE	PE	2.64055802411527
ENSG00000165985	-0.712419802388009	5.50006225808271e-05	0.00228811362366724	0.276291909446939	99.5566702364694	0.162101104053237	0.403811252268602	0.315789473684211	0.0341197822141561	306.749593582679	-0.111946082879613	0.0344827586206897	0.0105263157894737	L2H	0.162101104053237	0.276291909446939	1.5	TRUE	PE	4.25963239446354
ENSG00000174099	0.660034017878104	0.000397396666331731	0.00687048008775139	0	60.5270897537673	-0.173198351482154	1.4507451501454e-17	1	0.251456681631483	18.0102496336096	0.18251852692075	0.530852994555354	0.526315789473684	H2L	0.173198351482154	0.251456681631483	1.5	TRUE	PE	3.4007757804053
ENSG00000182718	0.646345641551681	0.000912660728160172	0.0112800922404858	0.0172413793103448	9.3863548516284	-0.162309059286146	0.0172413793103448	0	0.23830356289999	35.7775692556102	0.165730868118572	0.41923774954628	0.431578947368421	H2L	0.162309059286146	0.23830356289999	1.5	TRUE	PE	3.03969063678205
ENSG00000117152	-0.848630800590383	0.000337932315584582	0.00632305084020382	0.253854236316745	1083.72403431667	0.204297111312765	0.548094373865699	0.536842105263158	0	88.4065428220543	-0.195430656382335	1.4507451501454e-17	1	L2H	0.204297111312765	0.253854236316745	1.5	TRUE	PE	3.47117027579114
ENSG00000158270	0.608101750454026	0.00210488194203765	0.0192335989432649	0	9.56805517728785	-0.24715479431337	1.4507451501454e-17	1	0.226688317890916	0.808009279558121	0.228798018753781	0.633393829401089	0.642105263157895	H2L	0.24715479431337	0.226688317890916	1.5	TRUE	PE	2.67677225771857
ENSG00000186493	0.735109632241278	0.00529953785430335	0.0349658636011212	0	6.01565363697279	-0.116937008469449	1.4507451501454e-17	1	0.211099436431369	0.458875246086515	0.155749016938899	0.401088929219601	0.473684210526316	H2L	0.116937008469449	0.211099436431369	1.5	TRUE	PE	2.27576200135705
ENSG00000157219	-0.603650082863482	0.00711605671382018	0.0424704773481575	0.20606552679339	15.0208356473945	0.16300854506957	0.383847549909256	0.463157894736842	0	2.44967175389064	-0.148697444041137	1.4507451501454e-17	1	L2H	0.16300854506957	0.20606552679339	1.5	TRUE	PE	2.14776059931753
ENSG00000231679	0.910404998727667	0.00280219119733452	0.0234756791835274	0.0246059795586971	2.2762287617713	-0.0516012552934059	0.0254083484573503	0.0315789473684211	0.220842487343586	13.5587631407674	0.0990339534180278	0.308529945553539	0.284210526315789	H2L	0.0516012552934059	0.220842487343586	1.5	TRUE	PE	2.55250223553316
ENSG00000172987	0.799176867402683	0.00043703956682983	0.00723391192945475	0.102216066481994	0.393620930209577	-0.000330837870538412	0.111615245009074	0.0842105263157895	0.251456681631483	3.27254853121571	0.0976727918935269	0.318511796733212	0.210526315789474	H2L	0.000330837870538412	0.251456681631483	1.5	TRUE	PE	3.35947924294166
ENSG00000121905	-0.708372104172405	0.00144275185907255	0.0150162438457596	0.23273474066291	190.52021466284	0.158471339987901	0.401996370235935	0.421052631578947	0.0567389435476168	376.311102620609	-0.11239980338778	0.0598911070780399	0.0526315789473684	L2H	0.158471339987901	0.23273474066291	1.5	TRUE	PE	2.84080835740408
ENSG00000224383	0.700651290230207	6.02447228041977e-06	0.000667820048358227	0	7.79852828913387	-0.157771854204477	1.4507451501454e-17	1	0.298911070780399	1.27236927657352	0.192046657592257	0.498185117967332	0.4	H2L	0.157771854204477	0.298911070780399	1.5	TRUE	PE	5.22008098946761
ENSG00000173334	0.61896336253077	0.00394752765802448	0.0290349146573481	0.109093514184736	5.24028243923491	-0.0225631427707199	0.127949183303085	0.147368421052632	0.216687362689846	8.05992215986245	0.115821612220206	0.316696914700544	0.315789473684211	H2L	0.0225631427707199	0.216687362689846	1.5	TRUE	PE	2.4036748184607
ENSG00000176692	0.762098727276276	0.000122331123663031	0.00350223402830105	0.0172413793103448	0	-0.158679295220811	0.0172413793103448	0	0.267036011080332	0.507575335801802	0.173444116757411	0.437386569872958	0.389473684210526	H2L	0.158679295220811	0.267036011080332	1.5	TRUE	PE	3.91246303506582
ENSG00000013275	-0.780036584411994	0.000238388055987387	0.00521296912055423	0.257952048906295	62.0686570906261	0.14667460677556	0.445553539019964	0.421052631578947	0.0341197822141561	117.335595083724	-0.131002344222626	0.0344827586206897	0.0105263157894737	L2H	0.14667460677556	0.257952048906295	1.5	TRUE	PE	3.62271550794305
ENSG00000149591	1.82014388753387	1.54201518472921e-05	0.00123499996144962	0.0246059795586971	17.752798456743	-0.138261872353297	0.0254083484573503	0.0315789473684211	0.291193046136212	89.0587785208646	0.149850650332728	0.412885662431942	0.294736842105263	H2L	0.138261872353297	0.291193046136212	1.5	TRUE	PE	4.81191134959566
ENSG00000068078	0.793445923602064	1.20801594431215e-05	0.00100257066279228	0.0341197822141561	8.4654523034125	-0.155049531155475	0.0344827586206897	0.0105263157894737	0.293628808864266	23.0320453226259	0.168453191167574	0.480943738656987	0.389473684210526	H2L	0.155049531155475	0.293628808864266	1.5	TRUE	PE	4.91792733349261
ENSG00000196090	-0.686025094243772	0.00131807961923837	0.0142726346896165	0.2338809819467	61.0504622574596	0.123988581367211	0.376588021778584	0.378947368421053	0.0506352087114338	158.31637875934	-0.0620368269812462	0.0517241379310345	0.0210526315789474	L2H	0.123988581367211	0.2338809819467	1.5	TRUE	PE	2.8800583551806
ENSG00000180638	0.630798789239971	0.000614683461896508	0.00906433795235187	0	6.76530559970867	-0.131909785238959	1.4507451501454e-17	1	0.246489636068392	1.04420812347123	0.160286222020569	0.360254083484573	0.315789473684211	H2L	0.131909785238959	0.246489636068392	1.5	TRUE	PE	3.21134847144604
ENSG00000010379	0.850932083882169	0.00546535130898516	0.0357833628723991	0	186.149079977467	-0.199514140955838	1.4507451501454e-17	1	0.208348457350272	15.7065333873235	0.217908726557774	0.520871143375681	0.6	H2L	0.199514140955838	0.208348457350272	1.5	TRUE	PE	2.26238191666937
ENSG00000166592	0.798433658286862	0.00125958292984196	0.0141041589445708	0.0172413793103448	3.82576771825897	-0.133724667271627	0.0172413793103448	0	0.234024262107174	11.7161759148539	0.12262741984271	0.317604355716878	0.263157894736842	H2L	0.133724667271627	0.234024262107174	1.5	TRUE	PE	2.89977323365414
ENSG00000198865	0.62390793313805	0.0043177673767709	0.031203247390533	0.130719266405578	9.21215192496828	-0.0475177707199032	0.146098003629764	0.105263157894737	0.214576368325533	19.4059036406597	0.114914171203872	0.283121597096189	0.242105263157895	H2L	0.0475177707199032	0.214576368325533	1.5	TRUE	PE	2.36474075933985
ENSG00000096696	1.10461408972961	0.000340710440107678	0.00632305084020382	0.0246059795586971	1.3628237726101	-0.132817226255293	0.0254083484573503	0.0315789473684211	0.252832171172032	4.35274437439849	0.159378781004235	0.470961887477314	0.463157894736842	H2L	0.132817226255293	0.252832171172032	1.5	TRUE	PE	3.46761455850104
ENSG00000112175	1.63895220521429	0.00397150068761703	0.0290349146573481	0.0489062947750501	1.36644611121014	-0.104686554748941	0.058076225045372	0.157894736842105	0.215770369662814	2.26220570914041	0.156656457955233	0.418330308529946	0.484210526315789	H2L	0.104686554748941	0.215770369662814	1.5	TRUE	PE	2.40104535792167
ENSG00000155850	2.12962608349578	0.000397396666331731	0.00687048008775139	0.00019104021396504	14.470565806136	-0.175920674531155	0.0090744101633394	0.978947368421053	0.251456681631483	5.28532737376882	0.168453191167574	0.530852994555354	0.526315789473684	H2L	0.175920674531155	0.251456681631483	1.5	TRUE	PE	3.4007757804053
ENSG00000113327	-0.682135851564622	0.000154638526824868	0.00407736612786953	0.26306237462986	179.375005989294	0.176166439806413	0.462794918330309	0.431578947368421	0.0172413793103448	586.998919885764	-0.179550438596491	0.0172413793103448	0	L2H	0.176166439806413	0.26306237462986	1.5	TRUE	PE	3.81068229629484
ENSG00000242922	-0.791185658876961	0.00892071391806986	0.0494660278174806	0.201127137262394	6.33943180589207	0.128072065940714	0.341197822141561	0.410526315789474	0.057961600916993	12.0009906240048	-0.0751947217180883	0.0671506352087114	0.136842105263158	L2H	0.128072065940714	0.201127137262394	1.5	TRUE	PE	2.04960038797009
ENSG00000236794	0.700996734035786	7.57273044160537e-05	0.00282352932362857	0.0172413793103448	2.69646005665931	-0.111492362371446	0.0172413793103448	0	0.274840003820804	56.7610387332587	0.129886947973382	0.378402903811252	0.273684210526316	H2L	0.111492362371446	0.274840003820804	1.5	TRUE	PE	4.12074750201118
ENSG00000259205	0.670886872409954	0.00711605671382018	0.0424704773481575	0.0722609609322762	1.25208846473963	-0.0937972625529341	0.0771324863883848	0.0631578947368421	0.20606552679339	3.26307863725063	0.145767165759226	0.383847549909256	0.463157894736842	H2L	0.0937972625529341	0.20606552679339	1.5	TRUE	PE	2.14776059931753
ENSG00000236860	-0.69634817139223	0.000101385937651831	0.00333470215463456	0.268869997134397	2762.82883655166	0.14213740169389	0.411978221415608	0.347368421052632	0.0224376731301939	4767.57611571492	-0.0847228523895947	0.0245009074410163	0.0842105263157895	L2H	0.14213740169389	0.268869997134397	1.5	TRUE	PE	3.99402227797405
ENSG00000255704	2.13111288718806	0.00711605671382018	0.0424704773481575	0	10.4747420788897	-0.124650257108288	1.4507451501454e-17	1	0.20606552679339	0.745451727292268	0.133970432546884	0.383847549909256	0.463157894736842	H2L	0.124650257108288	0.20606552679339	1.5	TRUE	PE	2.14776059931753
ENSG00000244237	0.613503248706913	0.000397240591920321	0.00687048008775139	0.0623268698060942	0.994742102607071	-0.0715649576527526	0.0680580762250454	0.0842105263157895	0.25202025026268	3.82607835276093	0.129886947973382	0.352087114337568	0.284210526315789	H2L	0.0715649576527526	0.25202025026268	1.5	TRUE	PE	3.40094637964617
ENSG00000237478	-0.717970307711153	0.00870030563427689	0.0492356458752331	0.201929506161047	126.962022418901	0.0427726104053237	0.274047186932849	0.263157894736842	0.106648199445983	176.457385420121	0.0423188898971567	0.184210526315789	0.421052631578947	L2H	0.0427726104053237	0.201929506161047	1.5	TRUE	PE	2.06046549072059
ENSG00000262759	0.854953013138767	0.000170839050729209	0.00430605808745944	0.0264781736555545	0.173434226351777	-0.0579533424077435	0.0381125226860254	0.305263157894737	0.261772853185596	4.13012140651903	0.134877873563218	0.394736842105263	0.336842105263158	H2L	0.0579533424077435	0.261772853185596	1.5	TRUE	PE	3.76741285040242
ENSG00000237154	-0.755280275102822	0.0025136720404023	0.021349588519899	0.224023306906104	46.1240885251889	0.179796203871748	0.452813067150635	0.505263157894737	0.0172413793103448	153.762116534265	-0.146428841500302	0.0172413793103448	0	L2H	0.179796203871748	0.224023306906104	1.5	TRUE	PE	2.59969138549423
ENSG00000233786	0.643221009830133	0.00764770858884665	0.0451283831925385	0.00807144904002293	0.160250532058506	-0.035721037507562	0.0117967332123412	0.315789473684211	0.204307956824912	0.774113989367104	0.0827000151240169	0.265880217785844	0.231578947368421	H2L	0.035721037507562	0.204307956824912	1.5	TRUE	PE	2.11646866893627
ENSG00000254146	0.663610534801662	2.06642520706626e-05	0.00144685034853752	0.0341197822141561	0	-0.0633979885057471	0.0344827586206897	0.0105263157894737	0.289588308338905	0	0.12262741984271	0.387477313974592	0.252631578947368	H2L	0.0633979885057471	0.289588308338905	1.5	TRUE	PE	4.68478030908675
ENSG00000224927	0.611256690665885	0.000289923826634916	0.0059922578774685	0.116658706657751	0.142442990931079	0.0237163490623109	0.160617059891107	0.273684210526316	0.25480943738657	1.47242442523993	0.0722644434361766	0.310344827586207	0.178947368421053	H2L	0.0237163490623109	0.25480943738657	1.5	TRUE	PE	3.53771609181545
ENSG00000225813	0.986322705926919	4.52615793088532e-05	0.00208437061266829	0.0408539497564237	0	-0.0538698578342408	0.0426497277676951	0.0421052631578947	0.28059986627185	0.244728255788559	0.133970432546884	0.370235934664247	0.242105263157895	H2L	0.0538698578342408	0.28059986627185	1.5	TRUE	PE	4.3442702963029
ENSG00000224545	0.977699081291558	0.004854913071079	0.0333116288595174	0.0918903429171841	0.568785332328086	-0.0520549758015729	0.117967332123412	0.221052631578947	0.212016429458401	3.4049497441815	0.127618345432547	0.32486388384755	0.347368421052632	H2L	0.0520549758015729	0.212016429458401	1.5	TRUE	PE	2.31381854188126
ENSG00000239831	0.861563503551431	4.52615793088532e-05	0.00208437061266829	0.0980036297640653	0	-0.0266466273442226	0.103448275862069	0.0526315789473684	0.28059986627185	0.493645687095398	0.114914171203872	0.370235934664247	0.242105263157895	H2L	0.0266466273442226	0.28059986627185	1.5	TRUE	PE	4.3442702963029
ENSG00000241942	-0.694837334789573	0.00065182917181205	0.00929327963870531	0.243509408730538	17.990182284041	0.167999470659407	0.436479128856624	0.442105263157895	0	1.91339302333874	-0.146428841500302	1.4507451501454e-17	1	L2H	0.167999470659407	0.243509408730538	1.5	TRUE	PE	3.18586620712044
ENSG00000258605	0.71668411590538	0.00458237593387514	0.0318993905731473	0.0172413793103448	0	-0.165485102843315	0.0172413793103448	0	0.213506543127328	0.413779380258651	0.19159293708409	0.460980036297641	0.536842105263158	H2L	0.165485102843315	0.213506543127328	1.5	TRUE	PE	2.33890928456812
ENSG00000248459	0.731853446099013	0.0043177673767709	0.031203247390533	0.0341197822141561	0	-0.0597682244404114	0.0344827586206897	0.0105263157894737	0.214576368325533	0.106900478334107	0.106747202056866	0.283121597096189	0.242105263157895	H2L	0.0597682244404114	0.214576368325533	1.5	TRUE	PE	2.36474075933985
ENSG00000234360	-0.592274456117779	0.00315838421905406	0.0247952672124986	0.219667590027701	226.329484353197	0.150304370840895	0.342105263157895	0.357894736842105	0.0246059795586971	492.907491666032	-0.119205611010284	0.0254083484573503	0.0315789473684211	L2H	0.150304370840895	0.219667590027701	1.5	TRUE	PE	2.50053503896817
ENSG00000233268	0.613700751501637	0.000614683461896508	0.00906433795235187	0.102216066481994	0	-0.0225631427707199	0.111615245009074	0.0842105263157895	0.246489636068392	0.279478683285457	0.102663717483364	0.360254083484573	0.315789473684211	H2L	0.0225631427707199	0.246489636068392	1.5	TRUE	PE	3.21134847144604
ENSG00000238085	-0.592407626554773	0.00633537250794817	0.0400631649555127	0.207517432419524	6.12530282682085	0.0695421203871748	0.249546279491833	0.168421052631579	0.00577896647244245	15.4956048595494	-0.0407119630973987	0.00998185117967333	0.421052631578947	L2H	0.0695421203871748	0.207517432419524	1.5	TRUE	PE	2.19822784433373
ENSG00000278054	0.9342405511933	0.00764770858884665	0.0451283831925385	0.0369567293915369	0	-0.0225631427707199	0.0480943738656987	0.231578947368421	0.204307956824912	7.38749013169223	0.06727351784634	0.265880217785844	0.231578947368421	H2L	0.0225631427707199	0.204307956824912	1.5	TRUE	PE	2.11646866893627
ENSG00000271500	0.816967663369832	0.000442127592641791	0.00723391192945475	0	65.2377651992303	-0.150966046581972	1.4507451501454e-17	1	0.248352278154551	14.5745034288467	0.156202737447066	0.453720508166969	0.452631578947368	H2L	0.150966046581972	0.248352278154551	1.5	TRUE	PE	3.35445238046041
ENSG00000267203	-0.600632140398548	0.00806230465531575	0.046340834566338	0.204002292482568	300.945654619089	0.123988581367211	0.307622504537205	0.336842105263158	0.00799503295443691	759.49891927067	-0.0978807471264368	0.00816696914700545	0.0210526315789474	L2H	0.123988581367211	0.204002292482568	1.5	TRUE	PE	2.09354079491739
ENSG00000240874	0.861553905404056	2.06642520706626e-05	0.00144685034853752	0.0172413793103448	0	-0.0937972625529341	0.0172413793103448	0	0.289588308338905	0.406858139106031	0.144406004234725	0.387477313974592	0.252631578947368	H2L	0.0937972625529341	0.289588308338905	1.5	TRUE	PE	4.68478030908675
ENSG00000232798	-0.641887876317914	0.000397240591920321	0.00687048008775139	0.25202025026268	54.280952408925	0.129433227465215	0.352087114337568	0.284210526315789	0.0172413793103448	197.629881238776	-0.0901674984875983	0.0172413793103448	0	L2H	0.129433227465215	0.25202025026268	1.5	TRUE	PE	3.40094637964617
ENSG00000240568	-0.899448302471949	0.000170839050729209	0.00430605808745944	0.261772853185596	4664.63877636239	0.16300854506957	0.394736842105263	0.336842105263158	0.028885280351514	11463.0000257723	-0.101510511191773	0.0326678765880218	0.115789473684211	L2H	0.16300854506957	0.261772853185596	1.5	TRUE	PE	3.76741285040242
ENSG00000274457	-1.41866389534087	0.00904519886861035	0.0494660278174806	0.199789855764638	1694.64652367801	0.175712719298246	0.451905626134301	0.557894736842105	0	5.04895076246503	-0.171383469449486	1.4507451501454e-17	1	L2H	0.175712719298246	0.199789855764638	1.5	TRUE	PE	2.043581880259
ENSG00000227013	0.595259872026168	0.004854913071079	0.0333116288595174	0.00171936192568536	2.50940534702047	-0.0933435420447671	0.0272232304900182	0.936842105263158	0.212016429458401	1.01747344778247	0.110830686630369	0.32486388384755	0.347368421052632	H2L	0.0933435420447671	0.212016429458401	1.5	TRUE	PE	2.31381854188126
ENSG00000274242	-0.663319858298253	0.000101385937651831	0.00333470215463456	0.268869997134397	17.6280755031151	0.14667460677556	0.411978221415608	0.347368421052632	0.0314547712293438	37.4144412536741	-0.0788244857834241	0.0335753176043557	0.0631578947368421	L2H	0.14667460677556	0.268869997134397	1.5	TRUE	PE	3.99402227797405
ENSG00000258780	-0.605173047746068	0.00711605671382018	0.0424704773481575	0.20606552679339	6.82859356151608	0.155295296430732	0.383847549909256	0.463157894736842	0.0172413793103448	13.599409590662	-0.149151164549304	0.0172413793103448	0	L2H	0.155295296430732	0.20606552679339	1.5	TRUE	PE	2.14776059931753
ENSG00000260335	0.647560129251735	0.00368972394525771	0.0280702912159288	0.0138026554589741	68.7189294891933	-0.0366284785238959	0.015426497277677	0.105263157894737	0.217069443117776	7964.02039493709	0.0758942075015124	0.274954627949183	0.210526315789474	H2L	0.0366284785238959	0.217069443117776	1.5	TRUE	PE	2.43300612531401
